{
  "barrio_50": 1.0268141021469732e+21,
  "barrio_90": 6.513914075791344e+20,
  "area_valorada": 4.126349137699867e+20,
  "barrio_10": 4.36660262351533e+20,
  "cocina": 8.305004489119629e+18,
  "estrato": 7.991508825095222e+19,
  "municipio_inmueble_50": 2.461734800476183e+19,
  "total_cupos_parquedaro": 4.3831070622715216e+19,
  "vetustez": 3.6123284148771095e+19,
  "topografia_sector_75": 1.92811300718379e+17,
  "tipo_inmueble_25": 4.879202226871992e+17,
  "tipo_inmueble_10": 0.0,
  "departamento_inmueble_10": 1.831097580614425e+19,
  "municipio_inmueble_10": 1.7847474983480066e+19,
  "tipo_garaje": 8.49168891054234e+18,
  "bano_privado": 1.6063555877164024e+19,
  "municipio_inmueble_90": 1.10448562843513e+19,
  "calidad_acabados_cocina": 8.467449189939282e+18,
  "clase_inmueble_90": 4.026717975292674e+18,
  "tipo_deposito_10": 5.220852079106458e+18,
  "closet": 4.310467191410524e+18,
  "ajustes_sismoresistentes_50": 2.312680292206248e+18,
  "vias_pavimentadas_50": 3.784369987439821e+16,
  "numero_piso": 4.656986353832034e+18,
  "estado_acabados_cocina": 0.0,
  "departamento_inmueble_90": 5.075801076712604e+18,
  "sardineles_en_las_vias_10": 0.0,
  "calidad_acabados_pisos": 2.5948815468129157e+18,
  "demanda_interes": 2.1129699350544384e+16,
  "alamedas_10": 6.140540083398246e+16,
  "estructura_reforzada_10": 3.7079910909770465e+18,
  "bano_servicio": 3.284579997712384e+17,
  "calidad_acabados_madera": 9.330313792283738e+18,
  "habitaciones": 1.5848252605810606e+18,
  "balcon": 2.5673365686289695e+18,
  "indice_construccion_50": 1.5917381952349405e+19,
  "pisos_bodega": 2.991283961038111e+17,
  "motivo_50": 6.310493545081864e+18,
  "ciclo_rutas_10": 1.4347289719157555e+17,
  "estar_habitacion": 1.0005419544186716e+19,
  "area_libre_75": 2.1015407044203643e+18,
  "numero_de_edificios": 7.029642503515013e+17,
  "ocupante_75": 3.9301615012513055e+18,
  "detalle_material_10": 7.959979025592484e+17,
  "calidad_acabados_techos": 4.706044526848901e+17,
  "estudio": 1.1223568385331692e+18,
  "fachada_90": 2.539759318060761e+18,
  "tipo_inmueble_90": 1.604586430665012e+19,
  "terraza": 8.835989950525604e+17,
  "garaje_visitantes_90": 3.470133735708426e+17,
  "telefono_en_el_predio_90": 1.5145895959650632e+18,
  "altura_permitida_90": 6.291239963145011e+16,
  "calidad_acabados_muros": 1.7451299842818048e+16,
  "indice_ocupacion_75": 2.5638883637990523e+18,
  "estructura_10": 1.7148744683434803e+17,
  "detalle_material_90": 6.18493098632151e+17,
  "nivel_equipamiento_comercial": 9.50456111691989e+17,
  "comedor": 1.7712599747526656e+17,
  "tipo_fachada_90": 5.163881266365334e+18,
  "alamedas_75": 3.259089989580882e+17,
  "gas_en_el_predio_50": 5.5125650015728435e+17,
  "cubierta_90": 5.512426027168563e+17,
  "cuarto_servicio": 5.700046970505134e+17,
  "clase_inmueble_50": 2.8497622696365916e+18,
  "porteria_50": 7.821811989264466e+17,
  "bicicletero_50": 6.110120118530867e+16,
  "bano_social": 1.634971009511588e+17,
  "topografia_sector_25": 9.733192909817119e+17,
  "vigilancia_privada_10": 1.8933250068892877e+17,
  "cubierta_10": 7.307354997606318e+17,
  "citofono_25": 1.0457600046923776e+16,
  "calidad_acabados_banos": 7.206472260989747e+17,
  "jardin": 1.2329930158453555e+17,
  "calidad_acabados_metal": 2.607830053945344e+16,
  "administracion_25": 1.0146490010619085e+17,
  "sauna_75": 2.512900184950702e+17,
  "ajustes_sismoresistentes_90": 0.0,
  "antejardin_75": 1.742568004077486e+17,
  "estructura_reforzada_25": 4.1146498199962255e+18,
  "patio_interior": 5.407555037608018e+17,
  "irregularidad_altura_50": 4.120772221788488e+17,
  "material_de_construccion_75": 8.464560029863772e+17,
  "rph_25": 0.0,
  "estructura_75": 7561270060384256.0,
  "tanque_de_agua_10": 5.918389986708685e+16,
  "ocupante_10": 4.172417022753243e+18,
  "condicion_ph_90": 1.2377200246390784e+17,
  "club_house_50": 1.8126716950858957e+17,
  "danos_previos_50": 1.7103899802468352e+16,
  "vias_pavimentadas_10": 0.0,
  "piscina_90": 6.083636104643215e+17,
  "tipo_vigilancia_10": 0.0,
  "teatrino_10": 7.073305951721226e+17,
  "aislamiento_posterior_90": 4.305930092648858e+16,
  "gas_en_el_predio_25": 0.0,
  "irregularidad_planta_10": 4.790037745881842e+18,
  "telefono_en_el_predio_10": 1.3451700132118528e+19,
  "aislamiento_lateral_75": 7.598370095261286e+17,
  "gas_en_el_predio_90": 0.0,
  "material_de_construccion_10": 6.525379890538086e+16,
  "altura_permitida_50": 0.0,
  "estructura_reforzada_90": 8.604809781732966e+16,
  "cubierta_50": 1.4824399597207552e+16
}